Drug Name,1,2,3,4,5,6,7,8,9,10
5-ASA,TEVA/RTP/ACT,,,,,,,,,
Abacavir,APO,MINT,,,,,,,,
Abacavir / lamivudine,AURO,TEVA/RTP/ACT,MYLAN,,,,,,,
Abiraterone,MAR,PMS,JAMP,APO,,,,,,
Acarbose,MAR,,,,,,,,,
Acebutolol,APO,TEVA/RTP/ACT,,,,,,,,
Acetazolamide,AA,,,,,,,,,
Acetylcysteine Solution,SDZ,,,,,,,,,
Acetylsalicylic/butalbital/caffeine (Tecnal),TEVA/RTP/ACT,,,,,,,,,
Acitretin,TARO/RAN,MINT,,,,,,,,
Acyclovir,APO,MINT,MYLAN,,,,,,,
Acyclovir Oint,TARO/RAN,APO,,,,,,,,
Adapalene / Benzoyl Peroxide,TARO/RAN,SDZ,,,,,,,,
Adefovir,APO,,,,,,,,,
Afatinib,MAR,SDZ,,,,,,,,
Alendronate,APO,TEVA/RTP/ACT,JAMP,PMS,AURO,MINT,,,,
Alendronate/Vitamin D3,JAMP,APO,,,,,,,,
Alfacalcidol,SDZ,,,,,,,,,
Alfuzosin,APO,AURO,SDZ,,,,,,,
Allopurinol,MAR,APO,,,,,,,,
Almotriptan,SDZ,MYLAN,,,,,,,,
Alprazolam,TEVA/RTP/ACT,APO,,,,,,,,
Ambrisentan,APO,,,,,,,,,
Amcinonide,TARO/RAN,,,,,,,,,
Amiloride,AA,,,,,,,,,
Amiloride/HCTZ,AA,,,,,,,,,
Amiodarone,APO,TEVA/RTP/ACT,SDZ,PMS,JAMP,,,,,
Amiodarone Injection,SDZ,,,,,,,,,
Amitriptyline,MAR,PMS,JAMP,,,,,,,
Amlodipine,APO,TEVA/RTP/ACT,SDZ,JAMP,AURO,MAR,TARO/RAN,PRZ,MINT,PMS
Amlodipine/Atorvastatin,APO,MYLAN,,,,,,,,
Amoxicillin,TEVA/RTP/ACT,APO,AURO,PRZ,JAMP,,,,,
Amoxicillin / Clavulanate,SDZ,AURO,JAMP,APO,,,,,,
Amoxicillin / Clavulanate Susp,JAMP,,,,,,,,,
Amoxicillin Suspension,TEVA/RTP/ACT,JAMP,AURO,SDZ,APO,,,,,
Amphetamine XR,TEVA/RTP/ACT,APO,,,,,,,,
Ampicillin,TEVA/RTP/ACT,,,,,,,,,
Ampicillin Sodium Injection,TEVA/RTP/ACT,,,,,,,,,
Anagrelide,PMS,,,,,,,,,
Anastrozole,SDZ,MAR,TARO/RAN,APO,PMS,JAMP,TEVA/RTP/ACT,MINT,,
"Anusol HC (Anodan HC, Jampzinc HC)",JAMP,,,,,,,,,
Apixaban,APO,TARO/RAN,SDZ,JAMP,MAR,AURO,TEVA/RTP/ACT,MINT,,
Aripiprazole,APO,SDZ,JAMP,MINT,AURO,PMS,,,,
Ascorbic Acid Injection,SDZ,,,,,,,,,
Atazanavir,TEVA/RTP/ACT,MYLAN,JAMP,,,,,,,
Atenolol,TEVA/RTP/ACT,APO,MAR,PMS,TARO/RAN,MINT,JAMP,,,
Atenolol/Chlorthalidone,AA,,,,,,,,,
Atomoxetine,SDZ,AURO,APO,JAMP,TEVA/RTP/ACT,PMS,,,,
Atorvastatin,SDZ,TEVA/RTP/ACT,TARO/RAN,APO,AURO,MINT,PRZ,PMS,JAMP,MAR
Atovaquone/Proguanil,TEVA/RTP/ACT,MYLAN,,,,,,,,
Atropine Injection,SDZ,,,,,,,,,
Azathioprine,APO,TEVA/RTP/ACT,,,,,,,,
Azelastine/Fluticasone nasal,APO,MYLAN,,,,,,,,
Azilsartan,AURO,,,,,,,,,
Azithromycin,SDZ,MAR,APO,JAMP,PMS,,,,,
Azithromycin Susp,SDZ,AURO,,,,,,,,
Baclofen,PMS,APO,MYLAN,,,,,,,
Beclomethasone Nasal,APO,MYLAN,,,,,,,,
Benazepril,AA,,,,,,,,,
Benzoyl peroxide/clindamycin,TARO/RAN,,,,,,,,,
Benzydamine,PMS,,,,,,,,,
Betahistine,MINT,PMS,AURO,,,,,,,
"Betamethasone (Crm, Oint, Lot)",TEVA/RTP/ACT,TARO/RAN,,,,,,,,
Betamethasone / Calcipotriol Ointment,TEVA/RTP/ACT,TARO/RAN,,,,,,,,
Bezafibrate,JAMP,,,,,,,,,
Bicalutamide,TEVA/RTP,PMS,JAMP,,,,,,,
Bilastine,JAMP,SDZ,MAR,AURO,APO,,,,,
Bimatoprost,JAMP,,,,,,,,,
Bisoprolol,SDZ,TEVA/RTP/ACT,APO,JAMP,MINT,PRZ,,,,
Bortezomib Inj,SDZ,,,,,,,,,
Bosentan,TARO/RAN,PMS,,,,,,,,
Brimonidine / Timolol,JAMP,APO,,,,,,,,
Brimonidine Oph Solution,SDZ,JAMP,AA,,,,,,,
Brivaracetam,AURO,APO,,,,,,,,
Bromazepam,APO,TEVA/RTP/ACT,,,,,,,,
Bromfenac Oph,APO,,,,,,,,,
Bromocriptine,AA,,,,,,,,,
Budesonide Inh,TEVA/RTP/ACT,TARO/RAN,,,,,,,,
Budesonide Nasal,MYLAN,,,,,,,,,
Buprenorphine/Naloxone,TEVA/RTP/ACT,PMS,,,,,,,,
Bupropion SR,ODAN,,,,,,,,,
Bupropion XL,TARO/RAN,TEVA/RTP/ACT,,,,,,,,
Buspirone,TEVA/RTP/ACT,JAMP,PMS,AURO,MINT,APO,,,,
Butorphanol,AA,,,,,,,,,
Cabergoline,APO,JAMP,,,,,,,,
Calcitriol,TARO/RAN,,,,,,,,,
Canagliflozin,AURO,,,,,,,,,
Candesartan,SDZ,TEVA/RTP/ACT,TARO/RAN,APO,AURO,MINT,JAMP,PMS,,
Candesartan/HCT,SDZ,AURO,PMS,JAMP,,,,,,
Capecitabine,MINT,TARO/RAN,SDZ,,,,,,,
Captopril,TEVA/RTP/ACT,APO,,,,,,,,
Carbamazepine,TEVA/RTP/ACT,MINT,,,,,,,,
Carbamazepine Chewtabs,TARO/RAN,,,,,,,,,
Carbamazepine CR,SDZ,,,,,,,,,
Carvedilol,PMS,JAMP,AURO,TEVA/RTP/ACT,,,,,,
Cefadroxil,APO,JAMP,TEVA/RTP/ACT,,,,,,,
Cefazolin Sodium Injection,SDZ,TEVA/RTP/ACT,,,,,,,,
Cefixime,AURO,,,,,,,,,
Cefixime Suspension,AURO,,,,,,,,,
Cefprozil,AURO,TARO/RAN,,,,,,,,
Cefprozil Suspension,TARO/RAN,AURO,,,,,,,,
Ceftriaxone Sodium Inj,SDZ,,,,,,,,,
Cefuroxime,JAMP,AURO,APO,,,,,,,
Celecoxib,APO,MAR,AURO,JAMP,MINT,PMS,,,,
Cephalexin,APO,AURO,TEVA/RTP/ACT,JAMP,,,,,,
Cephalexin Suspension,AURO,TEVA/RTP/ACT,JAMP,,,,,,,
Cetirizine (rx),MAR,TEVA/RTP/ACT,MINT,APO,PMS,JAMP,,,,
Chloral Hydrate,ODAN,,,,,,,,,
Chlordiazepoxide,AA,,,,,,,,,
Chlorhexidine Rinse,PMS,,,,,,,,,
Chlorpromazine,TEVA/RTP/ACT,,,,,,,,,
Chlorthalidone,APO,JAMP,,,,,,,,
Cholestyramine,JAMP,PMS,,,,,,,,
Ciclopirox,APO,TARO/RAN,,,,,,,,
Cilazapril,APO,MYLAN,,,,,,,,
Cilazapril HCT,APO,,,,,,,,,
Cimetidine,AA,,,,,,,,,
Cinacalcet,MAR,PMS,APO,MYLAN,,,,,,
Ciprofloxacin,SDZ,TARO/RAN,TEVA/RTP/ACT,PMS,MAR,AURO,JAMP,MINT,,
Ciprofloxacin / Dexamethasone ear drops,TARO/RAN,SDZ,,,,,,,,
Ciprofloxacin Opth Solution,SDZ,,,,,,,,,
Ciprofloxacin XL,PMS,,,,,,,,,
Citalopram,APO,TEVA/RTP/ACT,JAMP,MINT,AURO,MAR,PMS,,,
Cladribine,APO,,,,,,,,,
Clarithromycin,SDZ,TARO/RAN,APO,,,,,,,
Clarithromycin Suspension,TARO/RAN,,,,,,,,,
Clarithromycin XL,TEVA/RTP/ACT,APO,,,,,,,,
Clindamycin,AURO,JAMP,,,,,,,,
Clindamycin Topical solution,TARO/RAN,,,,,,,,,
Clobazam,APO,TEVA/RTP/ACT,,,,,,,,
Clobetasol Crm/Oint/Lotion,TEVA/RTP/ACT,TARO/RAN,MYLAN,,,,,,,
Clobetasol Shampoo,TARO/RAN,,,,,,,,,
Clobetasol Spray,JAMP,TARO/RAN,,,,,,,,
Clomipramine,TARO/RAN,APO,,,,,,,,
Clonazepam,APO,PMS,,,,,,,,
Clonidine,SDZ,MAR,TEVA/RTP/ACT,JAMP,MINT,,,,,
Clopidogrel,APO,TEVA/RTP,JAMP,TARO/RAN,AURO,PMS,MAR,MINT,,
Clorazepate,AA,,,,,,,,,
Clotrimazole,TARO/RAN,,,,,,,,,
Clotrimazole / Betamethasone,TARO/RAN,,,,,,,,,
Cloxacillin,TEVA/RTP/ACT,JAMP,,,,,,,,
Clozapine,BASED ON PATIENT,,,,,,,,,
Codeine,TEVA/RTP/ACT,,,,,,,,,
Codeine / acetaminophen,TEVA/RTP/ACT,,,,,,,,,
Codeine / acetaminophen / caffeine (Lenoltec),TEVA/RTP/ACT,,,,,,,,,
Colchicine,PMS,JAMP,,,,,,,,
Colesevelam,APO,,,,,,,,,
Colistimethate Inj,MAR,,,,,,,,,
Cotridin (Co-Actifed),TEVA/RTP/ACT,,,,,,,,,
Cyclobenzaprine,JAMP,TEVA/RTP/ACT,APO,PMS,AURO,,,,,
Cyclosporine,SDZ,,,,,,,,,
Cyclosporine Oph,TEVA/RTP/ACT,,,,,,,,,
Cyproheptadine,MAR,JAMP,,,,,,,,
Cyproterone,JAMP/MED,AA,,,,,,,,
Cyproterone/Ethinyl Estradiol (Diane 35),TEVA/RTP/ACT,TARO/RAN,,,,,,,,
Dabigatran,APO,,,,,,,,,
Dapagliflozin,PMS,SDZ,APO,AURO,JAMP,,,,,
Dapagliflozin / Metformin,AURO,APO,,,,,,,,
Dapsone,MAR,,,,,,,,,
Darunavir,AURO,APO,JAMP,,,,,,,
Dasatinib,TEVA/RTP/ACT,TARO/RAN,APO,,,,,,,
Deferasirox,TARO/RAN,SDZ,AURO,PMS,APO,,,,,
Desipramine,AA,,,,,,,,,
Desmopressin,APO,PMS,,,,,,,,
Desvenlafaxine,TEVA/RTP/ACT,SDZ,JAMP,TARO/RAN,APO,,,,,
Dexamethasone,APO,PMS,,,,,,,,
Dexamethasone Injection,SDZ,,,,,,,,,
Dexlansoprazole,APO,,,,,,,,,
Dextroamphetamine,TEVA/RTP/ACT,AA,,,,,,,,
Diazepam,AA,,,,,,,,,
Diazepam Injection,SDZ,,,,,,,,,
Diclofenac 1.5% (Pennsaid),TARO/RAN,JAMP,PMS,,,,,,,
Diclofenac EC,APO,PMS,,,,,,,,
Diclofenac Opth,APO,MINT,JAMP,,,,,,,
Diclofenac Rapide / K,SDZ,,,,,,,,,
Diclofenac Sachet,TARO/RAN,JAMP,,,,,,,,
Diclofenac SR,APO,,,,,,,,,
Diclofenac Sup,SDZ,,,,,,,,,
Diclofenac/Misoprostol,PMS,,,,,,,,,
Dicyclomine,JAMP,,,,,,,,,
Dienogest,JAMP,,,,,,,,,
Digoxin,PMS,JAMP,AURO,,,,,,,
Digoxin Injection,SDZ,,,,,,,,,
Diltiazem,AA,,,,,,,,,
Diltiazem CD,MAR,APO,TEVA/RTP/ACT,JAMP,,,,,,
Diltiazem Injection,SDZ,,,,,,,,,
Diltiazem T,MAR,TEVA/RTP/ACT,JAMP,,,,,,,
Diltiazem XC,TEVA/RTP/ACT,,,,,,,,,
Dimenhydrinate Injection,SDZ,,,,,,,,,
Diphenhydramine HCl Injection,SDZ,,,,,,,,,
Divalproex,APO,MYLAN,,,,,,,,
Dobutamine Injection,SDZ,,,,,,,,,
Dolutegravir,PMS,,,,,,,,,
Domperidone,PRZ,TARO/RAN,PRZ,MAR,JAMP,,,,,
Donepezil,SDZ,TARO/RAN,MAR,TEVA/RTP/ACT,APO,JAMP,PMS,MINT,AURO,
Dorzolamide,JAMP,,,,,,,,,
Dorzolamide/Timolol,JAMP,APO,SDZ,,,,,,,
Doxazosin,TEVA/RTP/ACT,JAMP,APO,,,,,,,
Doxepin,MAR,APO,AA,,,,,,,
Doxycycline,TEVA/RTP/ACT,PMS,JAMP,APO,PRZ,,,,,
Doxycycline MR,APO,,,,,,,,,
Doxylamine / pyridoxine,APO,PMS,,,,,,,,
"Drospirenone / ethinyl estradiol (Yasmin, Zamine-Apo)",APO,,,,,,,,,
"Drospirenone / ethinyl estradiol (YAZ, Mya-APO)",APO,,,,,,,,,
Duloxetine,APO,TEVA/RTP/ACT,JAMP,SDZ,TARO/RAN,MAR,AURO,MINT,PMS,
Dutasteride,TEVA/RTP/ACT,AURO,SDZ,APO,JAMP,MINT,,,,
Edoxaban,SDZ,TEVA/RTP/ACT,JAMP,,,,,,,
Efavirenz,MYLAN,JAMP,,,,,,,,
Efavirenz / emtricitabine / tenofovir,APO,MYLAN,,,,,,,,
Eletriptan,TEVA/RTP/ACT,APO,AURO,JAMP,,,,,,
Eltrombopag,APO,,,,,,,,,
Emtricitabine / tenofovir,AURO,PMS,APO,MINT,JAMP,MYLAN,,,,
Enalapril,TARO/RAN,MAR,TEVA/RTP/ACT,JAMP,APO,,,,,
Enalapril HCT,AA,,,,,,,,,
Entacapone,TEVA/RTP/ACT,SDZ,MINT,,,,,,,
Entecavir,APO,PMS,MINT,AURO,JAMP,,,,,
Enzalutamide,JAMP,,,,,,,,,
Ephedrine Injection,SDZ,,,,,,,,,
Eplerenone,MINT,JAMP,,,,,,,,
Erlotinib,TEVA/RTP/ACT,,,,,,,,,
Escitalopram,TEVA/RTP/ACT,TARO/RAN,APO,JAMP,PMS,MINT,SDZ,AURO,MAR,MYLAN
Escitalopram ODT,TEVA/RTP/ACT,,,,,,,,,
Eslicarbazepine,APO,AURO,,,,,,,,
Esomeprazole,TEVA/RTP/ACT,TARO/RAN,PMS,SDZ,JAMP,APO,MYLAN,,,
Esomeprazole / Naproxen,MYLAN,,,,,,,,,
Estradiol Derm Patch,SDZ,,,,,,,,,
Estradiol tab,LUPIN,,,,,,,,,
Eszopiclone,MAR,,,,,,,,,
Ethosuximide,MAR,,,,,,,,,
Everolimus,TEVA/RTP/ACT,PMS,SDZ,,,,,,,
Exemestane,TEVA/RTP/ACT,JAMP,,,,,,,,
Ezetimibe,SDZ,MAR,APO,TARO/RAN,JAMP,MINT,AURO,PMS,,
Famciclovir,APO,,,,,,,,,
Famotidine,JAMP,TEVA/RTP/ACT,MINT,,,,,,,
Fampridine,TARO/RAN,PMS,,,,,,,,
Febuxostat,TEVA/RTP/ACT,MAR,AURO,JAMP,,,,,,
Felodipine,SDZ,APO,,,,,,,,
Fenofibrate E,TARO/RAN,SDZ,,,,,,,,
Fenofibrate Micro,AA,,,,,,,,,
Fenofibrate S,AA,,,,,,,,,
Fentanyl Cit Injection,SDZ,,,,,,,,,
Fentanyl Patch,SDZ,TEVA/RTP/ACT,,,,,,,,
Fesoterodine,SDZ,,,,,,,,,
Finasteride,TEVA/RTP/ACT,SDZ,PMS,JAMP,AURO,MINT,APO,,,
Flecainide,APO,JAMP,AURO,,,,,,,
Fluconazole,APO,MAR,JAMP,PMS,MYLAN,,,,,
Fludrocortisone,JAMP,,,,,,,,,
Flumazenil Injection,SDZ,,,,,,,,,
Flunarizine,AA,,,,,,,,,
Fluocinonide,TARO/RAN,,,,,,,,,
Fluoromethalone Opth,SDZ,,,,,,,,,
Fluoxetine,TEVA/RTP/ACT,PMS,APO,MAR,AURO,MINT,JAMP,,,
Fluoxetine Soln,APO,JAMP,,,,,,,,
Fluphenazine,AA,,,,,,,,,
Flurazepam,AA,,,,,,,,,
Flurbiprofen,AA,,,,,,,,,
Flutamide,AA,,,,,,,,,
Fluticasone / Salmeterol Inh (Myl-Wixela),PMS,MYLAN,,,,,,,,
Fluticasone Inh,APO,PMS,,,,,,,,
Fluticasone Nasal Spray,TEVA/RTP/ACT,APO,,,,,,,,
Fluvastatin,TEVA/RTP/ACT,,,,,,,,,
Fluvoxamine,APO,TEVA/RTP/ACT,,,,,,,,
Folic Acid,JAMP,,,,,,,,,
Fosfomycin,JAMP,,,,,,,,,
Fosinopril,TEVA/RTP/ACT,APO,,,,,,,,
Frovatriptan,MINT,APO,JAMP,,,,,,,
Fulvestrant Inj,TEVA/RTP/ACT,SDZ,JAMP,,,,,,,
Furosemide,MINT,APO,,,,,,,,
Furosemide Injection,SDZ,JAMP,,,,,,,,
Gabapentin,TEVA/RTP/ACT,APO,PMS,MINT,AURO,JAMP,,,,
Galantamine,AURO,MYLAN,,,,,,,,
Gatifloxacin Oph,JAMP,APO,,,,,,,,
Gemfibrozil,TEVA/RTP/ACT,,,,,,,,,
Gentamicin Injection,SDZ,,,,,,,,,
Gliclazide,TEVA/RTP/ACT,APO,,,,,,,,
Gliclazide MR,TARO/RAN,JAMP,MINT,MYLAN,APO,,,,,
Glimepiride,SDZ,,,,,,,,,
Glyburide,TEVA/RTP/ACT,APO,,,,,,,,
Glycopyrrolate Injection,SDZ,JAMP,,,,,,,,
Granisetron,APO,,,,,,,,,
Guanfacine,APO,JAMP,,,,,,,,
Haloperidol,TEVA/RTP/ACT,,,,,,,,,
Haloperidol Injection,SDZ,,,,,,,,,
Haloperidol LA Injection,SDZ,,,,,,,,,
Heparin Injection,SDZ,,,,,,,,,
Hydralazine,APO,MINT,JAMP,,,,,,,
Hydrochlorothiazide,PMS,MINT,APO,,,,,,,
Hydrocortisone Crm/Oint,SDZ,JAMP,TARO/RAN,,,,,,,
Hydrocortisone Tab,AURO,,,,,,,,,
Hydromorphone,APO,PMS,,,,,,,,
Hydromorphone HCl Injection,SDZ,,,,,,,,,
Hydromorphone Syrup,PMS,,,,,,,,,
Hydroxychloroquine,APO,JAMP,MINT,,,,,,,
Hydroxyurea,APO,MYLAN,,,,,,,,
Hydroxyzine,AA,,,,,,,,,
Hyoscine Injection,SDZ,,,,,,,,,
Ibuprofen,APO,JAMP,,,,,,,,
Imatinib,TEVA/RTP/ACT,MINT,PMS,APO,JAMP,,,,,
Imipramine,APO,JAMP,,,,,,,,
Imiquimod,TARO/RAN,,,,,,,,,
Indapamide,APO,MYLAN,,,,,,,,
Indomethacin,TEVA/RTP/ACT,MINT,,,,,,,,
Ipratropium / Salbutamol,TEVA/RTP/ACT,,,,,,,,,
Ipratropium Inh Soln,TEVA/RTP/ACT,PMS,AA,,,,,,,
Ipratropium Nasal,PMS,AA,,,,,,,,
Ipratropium Puffer,JAMP,,,,,,,,,
Irbesartan,TARO/RAN,SDZ,PMS,JAMP,MINT,,,,,
Irbesartan HCT,SDZ,PMS,,,,,,,,
Iron Sucrose Injection,PMS,,,,,,,,,
Isosorbide Dinitrate (ISDN),AA,,,,,,,,,
Isosorbide Mononitrate (ISMN),PMS,APO,,,,,,,,
Isotretinoin (Myl-Clarus),MYLAN,,,,,,,,,
Itraconazole,MINT,,,,,,,,,
Itraconazole Soln,JAMP,,,,,,,,,
Ketamine Injection,SDZ,,,,,,,,,
Ketoconazole,TEVA/RTP/ACT,APO,,,,,,,,
Ketoconazole cream,TARO/RAN,,,,,,,,,
Ketoprofen,AA,,,,,,,,,
Ketorolac,MAR,MINT,JAMP,APO,,,,,,
Ketorolac Injection,JAMP,,,,,,,,,
Ketorolac Opth,AA,,,,,,,,,
Ketotifen Oph,JAMP,,,,,,,,,
Labetalol,APO,,,,,,,,,
Labetalol Injection,SDZ,,,,,,,,,
Lacosamide,TEVA/RTP/ACT,AURO,SDZ,PMS,JAMP,MINT,,,,
Lamivudine,APO,JAMP,,,,,,,,
Lamivudine / Zidovudine,APO,AURO,JAMP,,,,,,,
Lamotrigine,APO,JAMP,AURO,MYLAN,,,,,,
Lansoprazole,SDZ,APO,MYLAN,,,,,,,
Lansoprazole / Amoxicillin / Clarithromycin,AA,,,,,,,,,
Latanoprost,TEVA/RTP/ACT,SDZ,JAMP,APO,MYLAN,,,,,
Latanoprost/Timolol,TEVA/RTP/ACT,JAMP,MYLAN,,,,,,,
Leflunomide,TEVA/RTP/ACT,MAR,SDZ,APO,,,,,,
Letrozole,TEVA/RTP/ACT,JAMP,MAR,APO,SDZ,PMS,MINT,,,
Leucovorin,MINT,JAMP,,,,,,,,
Levetiracetam,TEVA/RTP,SDZ,AURO,MINT,APO,JAMP,PMS,,,
Levetiracetam Oral Solution,PMS,MINT,,,,,,,,
Levocarb CR,AA,,,,,,,,,
Levocarbidopa,PMS,APO,AURO,MINT,,,,,,
Levofloxacin,SDZ,APO,TEVA/RTP/ACT,JAMP,MINT,,,,,
"Levonorgestrel (Plan B, Apo - Backup Plan, Mylan - Contingency One, Jamp - Mystep)",APO,MYLAN,JAMP,,,,,,,
"Levonorgestrel / Ethinyl Estradiol (Alesse; Apo - Alysena, Teva - Aviane)",TEVA/RTP/ACT,APO,,,,,,,,
Levothyroxine,APO,,,,,,,,,
Linezolid,SDZ,JAMP,APO,,,,,,,
Liothyronine,TEVA/RTP/ACT,AURO,,,,,,,,
Lisdexamfetamine,TEVA/RTP/ACT,APO,SDZ,TARO/RAN,JAMP,,,,,
Lisinopril,APO,TEVA/RTP/ACT,AURO,,,,,,,
Lisinopril HCT,SDZ,TEVA/RTP/ACT,,,,,,,,
Lithium Carbonate,APO,PMS,,,,,,,,
Lorazepam,PMS,TEVA/RTP/ACT,APO,AA,,,,,,
Lorazepam Injection,SDZ,,,,,,,,,
Losartan,TEVA/RTP/ACT,SDZ,JAMP,AURO,MINT,PMS,,,,
Losartan HCT,AURO,SDZ,MINT,PMS,,,,,,
Lovastatin,AA,,,,,,,,,
Loxapine Inj,SDZ,,,,,,,,,
Lurasidone,TARO/RAN,SDZ,AURO,PMS,JAMP,,,,,
"Marvelon or Ortho Cept Generic (Apo - Mirvala, Teva - Apri, Myl-Freya)",TEVA/RTP/ACT,APO,MYLAN,,,,,,,
Medroxyprogesterone,AA,,,,,,,,,
Mefenamic Acid,AA,,,,,,,,,
Mefloquine,AA,,,,,,,,,
Megestrol,AA,,,,,,,,,
Meloxicam,TEVA/RTP/ACT,APO,PMS,AURO,,,,,,
Memantine,SDZ,TEVA/RTP/ACT,PMS,APO,MINT,,,,,
Meperidine Injection,SDZ,,,,,,,,,
Meropenem Injection,SDZ,JAMP,,,,,,,,
Metformin,MAR,JAMP,MINT,SDZ,PRZ,AURO,,,,
Metformin ER / XR,APO,MAR,MINT,TARO/RAN,,,,,,
Methadone Liquid (only brand Methadose/Metadol-D covered for OAT),PMS,JAMP,,,,,,,,
Methadone Tabs,APO,,,,,,,,,
Methazolamide,AA,,,,,,,,,
Methimazole,MAR,JAMP,,,,,,,,
Methoprazine,AA,,,,,,,,,
Methotrexate,AURO,JAMP,APO,PMS,,,,,,
Methotrexate Injection,PMS,,,,,,,,,
Methyldopa,AA,,,,,,,,,
Methylphenidate,PMS,APO,,,,,,,,
Methylphenidate CR (Biphentin),PMS,,,,,,,,,
Methylphenidate ER (Concerta),APO,TEVA/RTP/ACT,,,,,,,,
Metoclopramide,PMS,MAR,PRZ,,,,,,,
Metoclopramide Injection,PMS,JAMP,SDZ,,,,,,,
Metoclopramide Solution,PMS,,,,,,,,,
Metoprolol,APO,JAMP,PMS,TEVA/RTP/ACT,,,,,,
Metoprolol Injection,SDZ,,,,,,,,,
Metoprolol SR,AA,,,,,,,,,
Metronidazole,PMS,APO,AURO,MINT,,,,,,
Mexiletine,TEVA/RTP/ACT,MINT,,,,,,,,
Midazolam Injection,SDZ,,,,,,,,,
Midodrine,MAR,JAMP,APO,,,,,,,
Minocycline,AA,,,,,,,,,
"Min-Ovral Generic (Apo-Ovima, Teva-Portia)",APO,TEVA/RTP,,,,,,,,
Mirabegron,APO,,,,,,,,,
Mirtazapine,TEVA/RTP/ACT,APO,PMS,SDZ,AURO,MYLAN,,,,
Mirtazapine OD,AURO,,,,,,,,,
Misoprostol,AA,,,,,,,,,
Moclobemide,AA,,,,,,,,,
Modafinil,TEVA/RTP/ACT,APO,AURO,MAR,JAMP,,,,,
Mometasone Crm/Lot/Oint,TARO/RAN,TEVA/RTP/ACT,,,,,,,,
Mometasone Nasal Spray,TEVA/RTP/ACT,SDZ,APO,,,,,,,
Montelukast,SDZ,TEVA/RTP/ACT,TARO/RAN,APO,JAMP,MINT,PMS,AURO,MAR,
Morphine,PMS,,,,,,,,,
Morphine Injection,SDZ,,,,,,,,,
Morphine SR,TEVA/RTP/ACT,SDZ,,,,,,,,
Moxifloxacin,SDZ,JAMP,AURO,APO,,,,,,
Moxifloxacin Oph,SDZ,PMS,JAMP,APO,,,,,,
Mupirocin,TARO/RAN,,,,,,,,,
Mycophenolate,SDZ,JAMP,APO,TEVA/RTP/ACT,,,,,,
Mycophenolate Susp,MAR,,,,,,,,,
Mycophenolic Acid,MAR,APO,JAMP,,,,,,,
Nabilone,TEVA/RTP/ACT,PMS,,,,,,,,
Nabumetone,AA,,,,,,,,,
Nadolol,MINT,APO,,,,,,,,
Naloxone Injection,TEVA/RTP/ACT,SDZ,,,,,,,,
Naltrexone,APO,TEVA/RTP/ACT,JAMP,,,,,,,
Naproxen,TEVA/RTP/ACT,APO,,,,,,,,
Naproxen EC,TEVA/RTP/ACT,APO,,,,,,,,
Naproxen Sodium,TEVA/RTP/ACT,APO,,,,,,,,
Naratriptan,SDZ,TEVA/RTP/ACT,,,,,,,,
Nebivolol,JAMP,PRZ,,,,,,,,
Nevirapine,AURO,MYLAN,JAMP,,,,,,,
Nifedipine,AA,,,,,,,,,
Nifedipine XL,MYLAN,MINT (ADALAT),PMS,,,,,,,
Nintedanib,AURO,JAMP,,,,,,,,
Nitrofurantoin,AA,,,,,,,,,
Nitrofurantoin Macrocrystals,TEVA/RTP/ACT,JAMP,,,,,,,,
Nitrofurantoin Monohydrate/Macrocrystals,PMS,JAMP,AURO,,,,,,,
Nitroglycerin Patch,MYLAN,,,,,,,,,
Nitroglycerin Pumpspray,MYLAN,,,,,,,,,
Norepinephrine Injection,SDZ,,,,,,,,,
"Norethidrone (Brand-Micronor, Myl-Movisse)",MYLAN,,,,,,,,,
"Norethidrone / Ethinyl Estradiol (Brand-Lolo, Apo-Elfy)",APO,,,,,,,,,
Norfloxacin,AA,,,,,,,,,
Nortriptyline,AA,,,,,,,,,
Nystatin,TEVA/RTP,PMS,JAMP,,,,,,,
Octreotide Injection,TEVA/RTP/ACT,JAMP,,,,,,,,
Olanzapine,TEVA/RTP/ACT,SDZ,JAMP,APO,MINT,PMS,,,,
Olanzapine ODT,SDZ,JAMP,APO,PMS,MINT,,,,,
Olmesartan,APO,SDZ,AURO,PMS,JAMP,,,,,
Olmesartan / HCT,APO,AURO,,,,,,,,
Olopatadine,SDZ,JAMP,MINT,APO,,,,,,
Omeprazole,APO,JAMP,TEVA/RTP/ACT,,,,,,,
Ondansetron,SDZ,TEVA/RTP/ACT,PMS,APO,MAR,MINT,JAMP,MYLAN,,
Ondansetron Injection,SDZ,,,,,,,,,
Ondansetron ODT,MAR,PMS,AURO,SDZ,JAMP,MINT,,,,
Ondansetron Oral Solution,APO,JAMP,MINT,,,,,,,
Orphenadrine,SDZ,,,,,,,,,
Oseltamivir,MINT,JAMP,,,,,,,,
OTC-Acetaminophen,APO,JAMP,,,,,,,,
OTC-Acetylsalicylic Acid (Pms-Praxis),JAMP,PMS,,,,,,,,
OTC-Bisacodyl,JAMP,,,,,,,,,
OTC-Bisacodyl Supp,JAMP,,,,,,,,,
OTC-Calcium + Vit D,JAMP,,,,,,,,,
OTC-Calcium Carbonate,JAMP,,,,,,,,,
OTC-Cetirizine,APO,JAMP,,,,,,,,
OTC-Dimenhydrinate,JAMP,,,,,,,,,
OTC-Diphenhydramine,JAMP,,,,,,,,,
OTC-Docusate,TARO/RAN,JAMP,PMS,,,,,,,
"OTC-Ferrous Fumarate (PRZ-Ferofit, Jamp-Wamp Ferrous Fumarate, Sdz-Euro Ferrous Fumarate)",PRZ,SDZ,JAMP,,,,,,,
OTC-Ferrous Gluconate,JAMP,TEVA/RTP/ACT,,,,,,,,
OTC-Ferrous Polysaccharide,JAMP,,,,,,,,,
OTC-Ferrous Sulfate,JAMP/WAMP,,,,,,,,,
OTC-Ferrous Sulfate Soln,JAMP,,,,,,,,,
OTC-Folic Acid 1mg,JAMP,,,,,,,,,
OTC-Glucose,JAMP,,,,,,,,,
OTC-Iron Polypeptide,JAMP,,,,,,,,,
OTC-Lactase Enzyme,JAMP,,,,,,,,,
OTC-Lactulose,PMS,JAMP,TEVA/RTP/ACT,,,,,,,
OTC-Loperamide,PMS,JAMP,TEVA/RTP/ACT,,,,,,,
OTC-Loratadine,JAMP,APO,,,,,,,,
OTC-Magnesium,JAMP,,,,,,,,,
OTC-Niacin,JAMP,,,,,,,,,
OTC-Peglyte (Jamp-Lyte),JAMP,,,,,,,,,
"OTC-Polyethylene Glycol (Jamp-Emolax, Pms-Lax-A-Day)",JAMP,PMS,,,,,,,,
OTC-Pyrantel Pamoate,JAMP,,,,,,,,,
OTC-Sennosides,JAMP,PMS,,,,,,,,
OTC-Sennosides / Docusate,SDZ,JAMP,,,,,,,,
OTC-Sodium Bicarbonate,JAMP,SDZ,,,,,,,,
OTC-Vitamin B12,JAMP,,,,,,,,,
OTC-Vitamin B6,JAMP,,,,,,,,,
Oxazepam,APO,,,,,,,,,
Oxcarbazepine,APO,,,,,,,,,
Oxybutynin,TEVA/RTP/ACT,APO,PMS,,,,,,,
Oxycodone (Sdz-Supeudol),PMS,SDZ,,,,,,,,
Oxycodone / Acetaminophen (Oxycocet),TEVA/RTP/ACT,APO,,,,,,,,
"Oxycodone / ASA (Teva-Oxycodan, Percodan)",TEVA/RTP/ACT,,,,,,,,,
Oxycodone CR,PMS,APO,,,,,,,,
Oxycodone Supp (Sdz-Supeudol),SDZ,,,,,,,,,
Pantoprazole Magnesium,MAR/ALT,MYLAN,,,,,,,,
Pantoprazole Sodium,SDZ,TARO/RAN,JAMP,AURO,PMS,TEVA/RTP/ACT,APO,MINT,,
Papaverine Injection,SDZ,,,,,,,,,
Paroxetine,APO,TEVA/RTP/ACT,JAMP,MAR,PMS,MINT,AURO,,,
Pazopanib,PMS,,,,,,,,,
Pen Needles,NANOFINE,,,,,,,,,
Penicillin,AA,,,,,,,,,
Pentoxifylline,JAMP,AA,,,,,,,,
Perampanel,TARO/RAN,,,,,,,,,
Perindopril,TEVA/RTP/ACT,JAMP,AURO,APO,MAR,MINT,PMS,SDZ,,
Perindopril / Amlodipine,APO,PMS,,,,,,,,
Perindopril / Indapamide,APO,TEVA/RTP/ACT,JAMP,SDZ,PMS,,,,,
Perphenazine,AA,,,,,,,,,
Phenobarbital Injection,SDZ,,,,,,,,,
Phentolamine Injection,SDZ,,,,,,,,,
Phenylephrine Injection,SDZ,JAMP,,,,,,,,
Phenytoin,AA,,,,,,,,,
Phenytoin Injection,SDZ,,,,,,,,,
Phenytoin Suspension,TARO/RAN,,,,,,,,,
Pilocarpine,JAMP,,,,,,,,,
Pimozide,AA,,,,,,,,,
Pindolol,TEVA/RTP/ACT,,,,,,,,,
Pioglitazone,TEVA/RTP/ACT,APO,MINT,,,,,,,
Piperacillin/Tazobactam Injection,SDZ,,,,,,,,,
Piroxicam,APO,,,,,,,,,
Posaconazole,SDZ,TARO/RAN,MINT,JAMP,,,,,,
Potassium,PRZ,JAMP,,,,,,,,
Pramipexole,SDZ,TEVA/RTP/ACT,APO,AURO,,,,,,
Pravastatin,TEVA/RTP/ACT,APO,TARO/RAN,MAR,PMS,JAMP,MINT,,,
Prazosin,TEVA/RTP/ACT,APO,,,,,,,,
Prednisolone Oph Suspension,SDZ,TEVA/RTP/ACT,,,,,,,,
Prednisolone Oral Soln,PMS,,,,,,,,,
Prednisone,APO,TEVA/RTP,,,,,,,,
Pregabalin,SDZ,TEVA/RTP/ACT,PMS,TARO/RAN,APO,JAMP,AURO,MINT,MAR,
Primidone,AA,,,,,,,,,
Procainamide Injection,SDZ,,,,,,,,,
Prochlorperazine,AA,,,,,,,,,
Progesterone,TEVA/RTP/ACT,PMS,AURO,,,,,,,
Progesterone Inj,TEVA/RTP/ACT,,,,,,,,,
Propafenone,APO,MYLAN,,,,,,,,
Propranolol,TEVA/RTP/ACT,PRZ,,,,,,,,
Propranolol Injection,SDZ,,,,,,,,,
Protamine Injection,SDZ,,,,,,,,,
Prucalopride,JAMP,APO,,,,,,,,
Pyridostigmine,JAMP,,,,,,,,,
Quetiapine,APO,JAMP,TEVA/RTP/ACT,MINT,PMS,AURO,,,,
Quetiapine XR,TEVA/RTP/ACT,JAMP,SDZ,MINT,APO,,,,,
Quinapril,JAMP,APO,PMS,,,,,,,
Quinapril / HCTZ,AURO,JAMP,,,,,,,,
Quinine,TEVA/RTP/ACT,,,,,,,,,
Rabeprazole,SDZ,JAMP,,,,,,,,
Raloxifene,TEVA/RTP/ACT,APO,JAMP,,,,,,,
Ramipril,TARO/RAN,APO,AURO,MINT,JAMP,MAR,PMS,,,
Ramipril/HCTZ,PMS,TARO/RAN,,,,,,,,
Ranitidine,MINT,PMS,MAR,,,,,,,
Rasagiline,TEVA/RTP/ACT,JAMP,APO,,,,,,,
Repaglinide,SDZ,AURO,JAMP,,,,,,,
Riluzole,APO,MYLAN,,,,,,,,
Risedronate,TEVA/RTP/ACT,SDZ,PMS,APO,AURO,,,,,
Risperidone,PMS,TEVA/RTP/ACT,APO,MAR,JAMP,MINT,,,,
Risperidone Liquid,PMS,JAMP,,,,,,,,
Ritonavir,AURO,,,,,,,,,
Rivaroxaban,SDZ,TEVA/RTP/ACT,PMS,TARO/RAN,JAMP,APO,,,,
Rivastigmine,APO,JAMP,,,,,,,,
Rivastigmine Patch,SDZ,MYLAN,,,,,,,,
Rizatriptan,TEVA/RTP/ACT,MAR,APO,JAMP,,,,,,
Rizatriptan ODT,TEVA/RTP/ACT,SDZ,MAR,PMS,JAMP,MYLAN,,,,
Rocuronium Injection,SDZ,JAMP,,,,,,,,
Ropinirole,TEVA/RTP/ACT,TARO/RAN,,,,,,,,
Rosiglitazone,AA,,,,,,,,,
Rosuvastatin,TARO/RAN,TEVA/RTP/ACT,AURO,APO,SDZ,MAR,MINT,PRZ,PMS,JAMP
Rufinamide,AURO,,,,,,,,,
Rupatadine,APO,PMS,,,,,,,,
Sacubitril/Valsartan,SDZ,PMS,,,,,,,,
Salbutamol Nebules,TEVA/RTP/ACT,,,,,,,,,
Salbutamol Puffer,TEVA/RTP/ACT,APO,,,,,,,,
Saxagliptin,SDZ,APO,,,,,,,,
Seasonale (Myl-Indayo),MYLAN,,,,,,,,,
Selegiline,AA,,,,,,,,,
Semaglutide Inj,APO,DR REDDY,,,,,,,,
Sertraline,APO,TEVA/RTP,AURO,PMS,JAMP,MINT,MAR,,,
Sildenafil,APO,TEVA/RTP,JAMP,MINT,AURO,PRZ,PMS,,,
Silodosin,AURO,JAMP,SDZ,PMS,,,,,,
Simvastatin,APO,TARO/RAN,JAMP,MINT,MAR,AURO,PMS,TEVA/RTP/ACT,,
Sitagliptin,APO,SDZ,TEVA/RTP/ACT,AURO,TARO/RAN,JAMP,PMS,,,
Sitagliptin / Metformin,APO,SDZ,TEVA/RTP/ACT,AURO,JAMP,,,,,
Sitagliptin / Metformin XR,SDZ,APO,,,,,,,,
Sodium Bicarbonate Inj,JAMP,,,,,,,,,
Sodium Phosphate,JAMP,,,,,,,,,
Sodium Polystyrene Sulfonate,JAMP,,,,,,,,,
Solifenacin,TARO/RAN,JAMP,SDZ,TEVA/RTP/ACT,PRZ,AURO,PMS,,,
Sotalol,APO,PMS,,,,,,,,
SPECIALTY - Apremilast,Prescriber Preference,SDZ,AURO,APO,PMS,MIN,JAMP,,,
SPECIALTY - Dimethyl Fumarate,APO or JAMP (MS Clinic Preference),MAR,PMS,AURO,,,,,,
SPECIALTY - Fingolimod,APO or JAMP (MS Clinic Preference),PMS,SDZ,TARO/RAN,MYLAN,,,,,
SPECIALTY - Pirfenidone,Prescriber Preference,SDZ,PMS,AURO,JAMP,,,,,
SPECIALTY - Teriflunomide,APO or JAMP (MS Clinic Preference),TEVA/RTP,SDZ,PMS,,,,,,
SPECIALTY - Tofacitinib,Prescriber Preference,TARO/RAN,SDZ,AURO,PMS,JAMP,,,,
SPECIALTY - Tofacitinib XR,TARO/RAN,,,,,,,,,
Spironolactone,TEVA/RTP/ACT,JAMP,MINT,,,,,,,
Spironolactone HCT,TEVA/RTP/ACT,,,,,,,,,
Sucralfate,TEVA/RTP/ACT,APO,,,,,,,,
Sufentanil Injection,SDZ,,,,,,,,,
Sulfasalazine,JAMP,PMS,,,,,,,,
Sulfatrim,AA,,,,,,,,,
Sulindac,TEVA/RTP/ACT,,,,,,,,,
Sumatriptan,APO,PMS,TEVA/RTP/ACT,MYLAN,,,,,,
Sumatriptan DF,TEVA/RTP/ACT,JAMP,,,,,,,,
Sumatriptan Inj,TARO/RAN,,,,,,,,,
Sunitinib,TEVA/RTP/ACT,AURO,SDZ,TARO/RAN,,,,,,
Tacrolimus,SDZ,,,,,,,,,
Tacrolimus XR,SDZ,,,,,,,,,
Tadalafil,TEVA/RTP/ACT,APO,TARO/RAN,MAR,PMS,JAMP,AURO,MINT,PRZ,MYLAN
Tamoxifen,APO,,,,,,,,,
Tamsulosin CR,TEVA/RTP/ACT,AURO,APO,SDZ,,,,,,
Tamsulosin SR,SDZ,JAMP,,,,,,,,
Telmisartan,SDZ,TEVA/RTP/ACT,JAMP,AURO,PMS,MINT,,,,
Telmisartan HCT,SDZ,TEVA/RTP/ACT,JAMP,AURO,,,,,,
Temazepam,AA,,,,,,,,,
Temozolomide,TEVA/RTP/ACT,TARO/RAN,JAMP,,,,,,,
Tenofovir,APO,PMS,JAMP,MINT,AURO,MYLAN,,,,
Terazosin,APO,PMS,,,,,,,,
Terbinafine,APO,TEVA/RTP/ACT,AURO,PMS,,,,,,
Terconazole Vag crm,TARO/RAN,,,,,,,,,
Teriparatide Inj,TEVA/RTP/ACT,,,,,,,,,
Testosterone Cap,TARO/RAN,,,,,,,,,
Testosterone Cyp Injection,TARO/RAN,,,,,,,,,
Testosterone gel,TARO/RAN,,,,,,,,,
Tetrabenazine,APO,PMS,,,,,,,,
Tetracycline,AA,,,,,,,,,
Theophylline,AA,,,,,,,,,
Tiaprofenic,TEVA/RTP/ACT,,,,,,,,,
Ticagrelor,TARO/RAN,JAMP,APO,,,,,,,
Timolol,AA,,,,,,,,,
Timolol Oph Sol,APO,SDZ,JAMP,,,,,,,
Tiotropium,APO,,,,,,,,,
Tizanidine,APO,MINT,,,,,,,,
Tobramycin Inh,TEVA/RTP/ACT,,,,,,,,,
Tobramycin Injection,SDZ,JAMP,,,,,,,,
Tobramycin Oph Sol,SDZ,,,,,,,,,
Tolterodine,JAMP,MINT,,,,,,,,
Tolterodine ER,TEVA/RTP/ACT,,,,,,,,,
Topiramate,APO,TEVA/RTP,PMS,JAMP,AURO,MINT,MYLAN,,,
Tramadol,MAR,APO,JAMP,AURO,,,,,,
Tramadol ER,TARO/RAN,,,,,,,,,
Tramadol/Acetaminophen,APO,TARO/RAN,JAMP,MAR,TEVA/RTP/ACT,AURO,MINT,PMS,,
Trandolapril,AURO,PMS,SDZ,,,,,,,
Tranexamic Acid,MAR,JAMP,,,,,,,,
Tranexamic Acid Injection,JAMP,SDZ,,,,,,,,
Travoprost,SDZ,APO,JAMP,,,,,,,
Travoprost / Timolol,APO,,,,,,,,,
Trazodone,TEVA/RTP/ACT,APO,PMS,JAMP,,,,,,
"Triamcinolone / Nystatin / Neomycin / Gramicidin (Viaderm KC, Teva-Triacomb)",TEVA/RTP/ACT,,,,,,,,,
Triamcinolone crm/oint,TARO/RAN,,,,,,,,,
Triamcinolone Nasal,APO,,,,,,,,,
Triamterene HCTZ,TEVA/RTP/ACT,APO,,,,,,,,
Triazolam,AA,,,,,,,,,
TriCyclen Lo (Apo-Tricira Lo),APO,,,,,,,,,
Trifluoperazine,AA,,,,,,,,,
Trihexyphenidyl,AA,,,,,,,,,
Trimebutine,APO,MINT,,,,,,,,
Trimethoprim,AA,,,,,,,,,
Trimipramine,AA,,,,,,,,,
Trospium,JAMP,MAR,,,,,,,,
Tryptophan,APO,,,,,,,,,
Ursodiol,PMS,JAMP,,,,,,,,
Valacyclovir,APO,JAMP,TEVA/RTP/ACT,PMS,AURO,MYLAN,,,,
Valganciclovir,MINT,TEVA/RTP/ACT,AURO,,,,,,,
Valganciclovir Susp,AURO,,,,,,,,,
Valproic Acid,APO,PMS,,,,,,,,
Valproic Acid Oral Soln,JAMP,PMS,,,,,,,,
Valsartan,SDZ,TARO/RAN,AURO,,,,,,,
Valsartan HCT,SDZ,AURO,,,,,,,,
Vancomycin,JAMP,,,,,,,,,
Vancomycin Injection,MAR,JAMP,SDZ,,,,,,,
Vardenafil,APO,JAMP,MYLAN,,,,,,,
Vardenafil ODT,JAMP,,,,,,,,,
Varenicline,MINT,APO,,,,,,,,
Vasopressin Inj,SDZ,,,,,,,,,
Venlafaxine XR,TARO/RAN,AURO,TEVA/RTP/ACT,MINT,PMS,SDZ,JAMP,,,
Verapamil,APO,,,,,,,,,
Verapamil Injection,SDZ,,,,,,,,,
Verapamil SR,APO,MYLAN,,,,,,,,
Vilazodone,APO,,,,,,,,,
Vitamin B12 Injection,SDZ,,,,,,,,,
"Vitamin D 10,000",JAMP,,,,,,,,,
Voriconazole,SDZ,JAMP,,,,,,,,
Vortioxetine,APO,,,,,,,,,
Warfarin,TARO/RAN,APO,,,,,,,,
Zidovudine,APO,,,,,,,,,
Ziprasidone,AURO,,,,,,,,,
Zoledronic Injection 4mg,JAMP,SDZ,TARO/RAN,,,,,,,
Zoledronic Injection 5mg,DR. REDDY (DIRECT ORDER ONLY),,,,,,,,,
Zolmitriptan,SDZ,TEVA/RTP/ACT,JAMP,MINT,AURO,,,,,
Zolmitriptan ODT,SDZ,TEVA/RTP/ACT,,,,,,,,
Zolpidem ODT,JAMP,MINT,APO,PMS,,,,,,
Zopiclone,TEVA/RTP/ACT,APO,PMS,MAR,JAMP,MINT,,,,
,,,,,,,,,,
,,,,,,,,,,
,,,,,,,,,,
,,,,,,,,,,
,,,,,,,,,,
,,,,,,,,,,
,,,,,,,,,,
,,,,,,,,,,
,,,,,,,,,,
,,,,,,,,,,
,,,,,,,,,,
,,,,,,,,,,
,,,,,,,,,,
,,,,,,,,,,
,,,,,,,,,,
,,,,,,,,,,
,,,,,,,,,,
,,,,,,,,,,
,,,,,,,,,,
,,,,,,,,,,
,,,,,,,,,,
,,,,,,,,,,
,,,,,,,,,,
,,,,,,,,,,
,,,,,,,,,,
,,,,,,,,,,
,,,,,,,,,,
,,,,,,,,,,
,,,,,,,,,,
,,,,,,,,,,
,,,,,,,,,,
,,,,,,,,,,
,,,,,,,,,,
,,,,,,,,,,
,,,,,,,,,,
,,,,,,,,,,
,,,,,,,,,,
,,,,,,,,,,
,,,,,,,,,,
,,,,,,,,,,
,,,,,,,,,,
,,,,,,,,,,
,,,,,,,,,,
,,,,,,,,,,
,,,,,,,,,,
,,,,,,,,,,
,,,,,,,,,,
,,,,,,,,,,
,,,,,,,,,,
,,,,,,,,,,
,,,,,,,,,,
,,,,,,,,,,
,,,,,,,,,,
,,,,,,,,,,
,,,,,,,,,,
,,,,,,,,,,
,,,,,,,,,,
,,,,,,,,,,
,,,,,,,,,,
,,,,,,,,,,
,,,,,,,,,,
,,,,,,,,,,
,,,,,,,,,,
,,,,,,,,,,
,,,,,,,,,,
,,,,,,,,,,
,,,,,,,,,,
,,,,,,,,,,
,,,,,,,,,,
,,,,,,,,,,
,,,,,,,,,,
,,,,,,,,,,
,,,,,,,,,,
,,,,,,,,,,
,,,,,,,,,,
,,,,,,,,,,
,,,,,,,,,,
,,,,,,,,,,
,,,,,,,,,,
,,,,,,,,,,
,,,,,,,,,,
,,,,,,,,,,
,,,,,,,,,,
,,,,,,,,,,
,,,,,,,,,,
,,,,,,,,,,
,,,,,,,,,,
,,,,,,,,,,
,,,,,,,,,,
,,,,,,,,,,
,,,,,,,,,,
